Ticker,Entry Date,Entry Price,Current Price,Shares,Current Value,PnL (%),Peak Price,ATR 14,Stop Price,Stop Buffer (%)
SIGMAADV,2026-09-11,833.7,1008.8,17,17149.6,21.0,1119.9,49.7,945.95,6.23
STLTECH,2026-09-11,898.75,1015.2,16,16243.2,12.96,1044.0,62.0,827.0,18.54
DIVISLAB,2026-09-21,9424.62,9340.0,1,9340.0,-0.9,9624.0,187.5,8967.75,3.99
LAURUSLABS,2026-09-28,2013.72,2036.6,7,14256.2,1.14,2052.8,59.1,1845.95,9.36
CUPID,2026-10-06,320.13,366.1,45,16474.5,14.36,366.1,37.0,236.6,35.37
FINCABLES,2026-10-06,1476.21,1388.7,9,12498.3,-5.93,1483.5,50.4,1307.1,5.88
TFCILTD,2026-10-06,140.58,147.05,103,15146.15,4.6,152.24,5.2,134.04,8.85
CYIENTDLM,2026-10-06,944.77,952.35,15,14285.25,0.8,988.3,47.2,823.1,13.57
RAYMOND,2026-10-06,1338.81,1186.6,10,11866.0,-11.37,1336.8,66.6,1103.7,6.99
MARINE,2026-10-06,473.06,455.65,30,13669.5,-3.68,478.85,12.0,436.85,4.13
