Ticker,Entry Date,Entry Price,Exit Date,Exit Price,Return (%),Holding Days,Exit Reason
SETL,2026-09-11,468.85,2026-09-16,421.92,-10.01,5,3.5x ATR Trailing Stop
CUPID,2026-09-11,280.42,2026-09-21,250.92,-10.52,10,Rank Decay Exit (Rank #59)
SWANDEF,2026-09-11,2731.99,2026-09-21,2727.89,-0.15,10,Rank Decay Exit (Rank #999)
SKYGOLD,2026-09-11,828.64,2026-09-21,793.56,-4.23,10,Rank Decay Exit (Rank #29)
SBC,2026-09-11,48.4,2026-09-21,48.33,-0.15,10,Rank Decay Exit (Rank #999)
BHAGYANGR,2026-09-11,423.18,2026-09-21,422.55,-0.15,10,Rank Decay Exit (Rank #999)
AIMTRON,2026-09-11,1775.61,2026-09-21,1781.67,0.34,10,Rank Decay Exit (Rank #82)
SANSERA,2026-09-11,4136.09,2026-09-28,4450.51,7.6,17,Rank Decay Exit (Rank #32)
TFCILTD,2026-09-21,140.27,2026-09-28,139.47,-0.57,7,Rank Decay Exit (Rank #47)
TBZ,2026-09-21,634.65,2026-10-06,575.69,-9.29,15,3.5x ATR Trailing Stop
SHREEJISPG,2026-09-21,710.56,2026-10-06,709.5,-0.15,15,Rank Decay Exit (Rank #999)
BODALCHEM,2026-09-21,198.01,2026-10-06,197.71,-0.15,15,Rank Decay Exit (Rank #999)
WELSPUNLIV,2026-09-21,216.19,2026-10-06,234.63,8.53,15,Rank Decay Exit (Rank #50)
WELCORP,2026-09-21,2766.84,2026-10-06,2583.12,-6.64,15,Rank Decay Exit (Rank #36)
BLISSGVS,2026-09-28,738.76,2026-10-06,737.65,-0.15,8,Rank Decay Exit (Rank #999)
