Rank,Signal Status,Ticker,Price,Score,3M Return (%),6M Return (%),12M Return (%),Alpha 3M (%),52W High,ATR 14 (%),SMA 200
1,🟢 BUY (Top 10),SIGMAADV,1119.9,126.1229,103.64,551.1,617.88,103.64,1137.0,4.31,410.9
2,🟢 BUY (Top 10),CUPID,319.65,125.8633,43.77,246.73,633.14,43.77,319.95,3.18,156.29
3,🟢 BUY (Top 10),STLTECH,1044.0,125.7322,93.66,410.49,748.78,93.66,1044.8,4.33,408.14
4,🟢 BUY (Top 10),FINCABLES,1474.0,72.8605,40.69,73.41,77.16,40.69,1498.0,0.96,1005.3
5,🟢 BUY (Top 10),TFCILTD,140.37,57.1187,78.88,107.96,88.54,78.88,148.5,1.4,85.91
6,🟢 BUY (Top 10),CYIENTDLM,943.35,50.8446,77.99,206.58,114.89,77.99,1009.0,2.55,503.67
7,🟢 BUY (Top 10),RAYMOND,1336.8,50.6302,120.23,262.77,126.58,120.23,1337.0,4.11,547.89
8,🟢 BUY (Top 10),LAURUSLABS,1993.0,48.0377,35.13,84.37,130.13,35.13,2055.3,1.89,1362.74
9,🟢 BUY (Top 10),MARINE,472.35,47.0057,85.42,143.48,108.77,85.42,474.9,2.7,256.17
10,🟢 BUY (Top 10),AEROFLEX,541.0,44.0248,33.25,108.08,200.64,33.25,584.15,2.42,348.22
11,🟡 HOLD (Rank 11-25),MOREPENLAB,142.23,43.5534,135.17,257.36,187.57,135.17,142.4,5.24,57.61
12,🟡 HOLD (Rank 11-25),DYNAMATECH,14224.0,43.0304,33.56,44.41,101.19,33.56,14375.0,1.5,10463.58
13,🟡 HOLD (Rank 11-25),RATNAVEER,337.65,42.1429,92.07,136.22,109.65,92.07,357.7,2.37,187.03
14,🟡 HOLD (Rank 11-25),SHILPAMED,1061.2,41.4295,77.16,164.37,175.67,77.16,1095.0,3.6,530.42
15,🟡 HOLD (Rank 11-25),RAMRAT,644.8,40.0205,60.76,95.31,108.0,60.76,662.85,2.25,397.5
16,🟡 HOLD (Rank 11-25),PRECWIRE,513.35,39.5719,37.44,67.76,144.8,37.44,524.9,2.28,361.37
17,🟡 HOLD (Rank 11-25),KMEW,3037.6,37.6561,35.0,74.28,156.35,35.0,3175.0,2.38,2102.7
18,🟡 HOLD (Rank 11-25),LENSKART,690.5,37.3503,29.55,36.46,71.77,29.55,725.0,1.11,532.05
19,🟡 HOLD (Rank 11-25),UNIMECH,1851.1,36.8622,60.13,136.11,90.64,60.13,1875.0,3.04,1104.55
20,🟡 HOLD (Rank 11-25),APARINDS,18263.0,36.7527,29.52,74.26,117.07,29.52,19265.0,2.01,12651.91
21,🟡 HOLD (Rank 11-25),QPOWER,1643.4,36.3944,50.22,81.38,58.02,50.22,1675.0,1.83,1073.01
22,🟡 HOLD (Rank 11-25),KTKBANK,327.8,35.9631,23.7,34.61,88.36,23.7,345.9,1.26,254.93
23,🟡 HOLD (Rank 11-25),DIVISLAB,9281.5,35.9348,36.81,58.6,57.71,36.81,9740.0,1.34,7065.75
24,🟡 HOLD (Rank 11-25),REDINGTON,412.6,35.6767,51.11,88.16,46.89,51.11,419.5,1.88,277.74
25,🟡 HOLD (Rank 11-25),RRKABEL,2673.4,34.9371,22.07,90.98,113.07,22.07,2983.8,1.84,1951.33
26,🔴 SELL (Rank > 25),SBC,63.71,33.2902,50.97,100.66,184.04,50.97,64.43,3.85,36.67
27,🔴 SELL (Rank > 25),IOLCP,211.8,32.6894,30.74,161.48,98.87,30.74,219.04,3.65,120.01
28,🔴 SELL (Rank > 25),ENGINERSIN,310.4,31.8309,29.93,49.8,53.67,29.93,321.4,1.4,227.92
29,🔴 SELL (Rank > 25),BIRLACABLE,395.45,30.024,115.62,218.76,142.91,115.62,418.8,4.99,195.69
30,🔴 SELL (Rank > 25),SKYGOLD,852.85,29.2036,48.63,121.61,197.16,48.63,868.8,4.83,509.52
31,🔴 SELL (Rank > 25),EMIL,208.0,28.1084,56.39,103.92,45.35,56.39,211.66,2.67,125.04
32,🔴 SELL (Rank > 25),PAYTM,1703.7,28.0478,37.17,53.09,46.24,37.17,1855.5,1.28,1278.65
33,🔴 SELL (Rank > 25),E2E,688.9,28.0238,85.54,183.5,90.58,85.54,698.0,4.95,372.86
34,🔴 SELL (Rank > 25),TDPOWERSYS,828.0,26.1986,50.11,86.49,157.18,50.11,856.1,3.83,543.09
35,🔴 SELL (Rank > 25),SSWL,423.0,25.9786,74.79,109.41,83.91,74.79,425.85,3.72,244.63
36,🔴 SELL (Rank > 25),WELCORP,2587.0,24.5484,67.99,181.2,199.56,67.99,2900.0,4.86,1377.21
37,🔴 SELL (Rank > 25),SAILIFE,1517.3,23.8963,26.76,55.93,72.42,26.76,1697.0,1.67,1149.19
38,🔴 SELL (Rank > 25),NAZARA,383.1,23.8692,27.7,54.04,36.43,27.7,401.9,1.63,293.53
39,🔴 SELL (Rank > 25),DIACABS,360.1,23.5084,61.11,165.87,137.64,61.11,404.0,4.15,210.02
40,🔴 SELL (Rank > 25),ATHERENERG,1413.6,23.3439,23.95,82.64,138.86,23.95,1744.0,1.94,1012.36
41,🔴 SELL (Rank > 25),TBZ,576.55,23.0762,191.47,314.75,204.33,191.47,698.6,5.44,226.58
42,🔴 SELL (Rank > 25),MARKSANS,341.65,22.9241,31.08,94.12,103.98,31.08,350.95,3.84,229.38
43,🔴 SELL (Rank > 25),MCX,3205.7,21.9165,23.3,23.3,95.47,23.3,3481.4,1.71,2754.57
44,🔴 SELL (Rank > 25),FILATEX,108.26,20.7761,89.43,144.49,109.0,89.43,113.94,5.11,57.59
45,🔴 SELL (Rank > 25),SAMBHV,165.0,20.5225,46.69,44.61,35.3,46.69,171.7,1.7,111.17
46,🔴 SELL (Rank > 25),ROLEXRINGS,188.77,19.5438,34.4,46.56,44.1,34.4,199.0,1.89,144.1
47,🔴 SELL (Rank > 25),ROSSTECH,1669.9,19.3332,72.33,109.21,131.26,72.33,1699.0,5.7,914.02
48,🔴 SELL (Rank > 25),SYRMA,1698.9,19.011,26.33,101.53,103.25,26.33,1822.6,4.06,1109.06
49,🔴 SELL (Rank > 25),VINDHYATEL,2669.9,18.2252,37.98,130.59,85.51,37.98,2952.6,4.13,1748.31
50,🔴 SELL (Rank > 25),WELSPUNLIV,234.98,17.7505,39.87,91.04,100.49,39.87,244.89,4.53,150.38
51,🔴 SELL (Rank > 25),SANSERA,4240.3,17.1478,34.66,88.87,205.06,34.66,4743.5,5.04,2776.02
52,🔴 SELL (Rank > 25),AZAD,3018.0,17.1473,33.25,84.52,73.76,33.25,3127.9,4.05,2056.21
53,🔴 SELL (Rank > 25),UNIVCABLES,1551.9,16.9311,41.08,103.93,117.05,41.08,1774.9,3.77,1063.1
54,🔴 SELL (Rank > 25),AVALON,2330.0,16.5224,42.08,135.33,119.44,42.08,2618.0,4.9,1433.91
55,🔴 SELL (Rank > 25),SUNFLAG,462.1,16.2396,40.03,92.62,68.13,40.03,473.0,4.65,311.03
56,🔴 SELL (Rank > 25),MANINDS,917.55,16.0176,63.61,112.84,144.71,63.61,1039.7,4.76,528.81
57,🔴 SELL (Rank > 25),FCL,57.44,14.2659,55.24,145.47,128.07,55.24,62.4,6.97,33.63
58,🔴 SELL (Rank > 25),VARROC,816.4,14.0202,25.38,65.5,31.9,25.38,912.2,2.38,629.95
59,🔴 SELL (Rank > 25),PTCIL,22865.0,13.4054,31.48,45.64,35.71,31.48,24125.0,2.51,18274.03
60,🔴 SELL (Rank > 25),BLUESTONE,797.2,12.2608,38.64,74.06,29.01,38.64,969.9,2.09,582.64
61,🔴 SELL (Rank > 25),OPTIEMUS,832.6,12.2548,60.7,128.92,22.32,60.7,850.65,6.46,482.58
62,🔴 SELL (Rank > 25),GNA,605.15,11.675,28.99,47.22,92.42,28.99,648.0,4.25,439.43
63,🔴 SELL (Rank > 25),CHENNPETRO,1414.2,11.6519,30.21,42.85,80.31,30.21,1677.5,2.51,1095.42
64,🔴 SELL (Rank > 25),MANORAMA,1989.6,11.4028,30.47,51.92,30.89,30.47,2149.5,2.8,1516.92
65,🔴 SELL (Rank > 25),JGCHEM,635.85,11.279,47.99,79.26,49.37,47.99,688.0,4.35,434.78
66,🔴 SELL (Rank > 25),AVADHSUGAR,866.7,11.1511,68.29,78.77,100.67,68.29,898.8,6.79,503.67
67,🔴 SELL (Rank > 25),INDIAGLYCO,319.6,10.6679,45.44,68.95,67.11,45.44,326.0,5.91,214.79
68,🔴 SELL (Rank > 25),MANALIPETC,91.61,10.4455,47.28,85.9,38.93,47.28,93.0,6.05,62.33
69,🔴 SELL (Rank > 25),STLNETWORK,46.24,10.2546,82.84,135.92,57.28,82.84,56.5,4.57,25.87
70,🔴 SELL (Rank > 25),GRAPHITE,838.35,9.6237,39.26,29.98,49.97,39.26,874.35,3.34,677.94
71,🔴 SELL (Rank > 25),COFORGE,1843.7,9.2315,21.54,44.91,14.17,21.54,2021.2,2.45,1524.66
72,🔴 SELL (Rank > 25),ALIVUS,1380.1,9.231,21.78,31.94,46.82,21.78,1493.8,2.99,1087.24
73,🔴 SELL (Rank > 25),CENTUM,4473.1,8.8758,26.01,66.35,79.64,26.01,4999.5,5.17,3146.59
74,🔴 SELL (Rank > 25),JYOTICNC,1049.2,8.7409,35.91,30.82,12.71,35.91,1134.6,1.97,830.95
75,🔴 SELL (Rank > 25),AARTIPHARM,975.45,8.5899,40.55,39.94,17.03,40.55,1002.4,3.21,737.46
76,🔴 SELL (Rank > 25),RKFORGE,715.0,8.375,26.89,33.87,28.83,26.89,772.8,2.79,588.79
77,🔴 SELL (Rank > 25),SHANTIGOLD,324.15,8.2277,50.83,72.97,53.7,50.83,338.0,6.71,217.95
78,🔴 SELL (Rank > 25),HAPPYFORGE,1977.8,8.0842,32.89,53.44,114.51,32.89,2470.0,3.96,1492.52
79,🔴 SELL (Rank > 25),BEPL,128.5,8.0156,31.79,43.61,26.1,31.79,138.5,3.38,100.39
80,🔴 SELL (Rank > 25),GMMPFAUDLR,1448.2,8.0016,89.31,58.61,39.79,89.31,1533.6,5.08,963.36
81,🔴 SELL (Rank > 25),SYNCOMF,23.38,7.9556,69.05,75.0,38.43,69.05,27.49,3.97,14.62
82,🔴 SELL (Rank > 25),PVRINOX,1239.5,7.3922,24.85,28.71,10.54,24.85,1357.8,2.01,1052.44
83,🔴 SELL (Rank > 25),MEESHO,236.39,6.691,25.07,54.79,45.47,25.07,254.4,5.69,181.06
84,🔴 SELL (Rank > 25),CYIENT,1120.0,4.6377,32.69,29.63,-5.08,32.69,1222.0,2.4,963.88
85,🔴 SELL (Rank > 25),DHAMPURSUG,187.89,4.5366,31.39,38.15,36.65,31.39,199.92,6.46,140.77
86,🔴 SELL (Rank > 25),TEGA,2110.9,4.2598,30.41,22.65,7.46,30.41,2198.0,3.31,1737.1
87,🔴 SELL (Rank > 25),SMCGLOBAL,109.48,3.9899,55.91,73.78,54.21,55.91,120.0,11.45,75.56
88,🔴 SELL (Rank > 25),DELTACORP,83.7,3.9378,28.77,42.2,2.19,28.77,87.9,5.47,64.79
89,🔴 SELL (Rank > 25),JAYKAY,233.4,3.8939,45.5,64.09,15.03,45.5,243.89,9.58,156.38
90,🔴 SELL (Rank > 25),SUNTV,624.95,3.8054,23.15,3.99,8.36,23.15,663.9,1.18,540.76
91,🔴 SELL (Rank > 25),DPABHUSHAN,1980.6,3.6883,109.19,80.05,35.85,109.19,2200.0,11.11,1225.0
92,🔴 SELL (Rank > 25),LUMAXTECH,1914.4,3.5718,28.06,13.16,45.14,28.06,2190.0,4.24,1669.02
93,🔴 SELL (Rank > 25),TI,576.25,3.2965,28.91,33.08,21.58,28.91,607.8,6.98,465.93
94,🔴 SELL (Rank > 25),KALYANKJIL,573.0,2.9505,59.17,29.24,15.76,59.17,648.95,4.91,461.37
95,🔴 SELL (Rank > 25),HEGAM,249.51,2.311,30.01,21.28,32.77,30.01,274.03,7.7,215.48
96,🔴 SELL (Rank > 25),PARAGMILK,289.1,2.2158,25.44,43.83,2.52,25.44,376.95,4.26,235.39
97,🔴 SELL (Rank > 25),PFOCUS,285.9,2.172,24.27,-15.68,61.98,24.27,367.0,2.61,272.48
98,🔴 SELL (Rank > 25),UTTAMSUGAR,304.55,2.1457,27.96,23.4,17.63,27.96,359.3,5.07,243.37
99,🔴 SELL (Rank > 25),ECLERX,1908.2,2.0634,27.72,23.56,-3.53,27.72,2497.5,2.1,1781.68
100,🔴 SELL (Rank > 25),PVP,47.5,1.994,70.92,54.98,55.89,70.92,72.04,5.25,34.79
101,🔴 SELL (Rank > 25),INDOAMIN,162.81,1.9828,25.33,51.92,17.37,25.33,168.0,16.95,121.14
102,🔴 SELL (Rank > 25),DALMIASUG,452.8,1.4375,25.78,19.79,23.08,25.78,520.0,8.44,352.56
103,🔴 SELL (Rank > 25),KIRIINDUS,564.85,1.3923,48.25,40.2,-6.01,48.25,779.0,4.31,452.21
104,🔴 SELL (Rank > 25),ELLEN,340.8,1.3406,32.84,49.6,-27.47,32.84,473.55,3.76,281.14
105,🔴 SELL (Rank > 25),KAMATHOTEL,259.5,1.1166,36.57,48.98,-19.88,36.57,327.45,7.57,193.44
106,🔴 SELL (Rank > 25),DPWIRES,233.3,1.1028,24.19,50.65,-4.58,24.19,251.9,19.06,171.44
107,🔴 SELL (Rank > 25),SIGACHI,30.95,0.7271,41.97,47.59,-22.72,41.97,40.8,8.87,24.85
